<Properties>
	<String id="ProdName">BigMoney</String> 
	<String id="DisplayName">Big Money Deluxe</String> 
	<String id="RegistryKey">PopCap\BigMoney</String> 
	<Integer id="Height">480</Integer> 
	<Integer id="Width">640</Integer>
	<Boolean id="NoReg">true</Boolean>
	<Boolean id="DontUpdate">true</Boolean>
	<Boolean id="DefaultWindowed">false</Boolean>
	<Boolean id="Cobranded">false</Boolean>
	<Integer id="NumOptionsLinks">1</Integer>
	<String id="OptionsLinkText0">More Games</String>
	<String id="OptionsLinkURL0">steam://publisher/popcap</String>
	<Integer id="SteamId">3360</Integer>
	<String id="BuyURL">steam://store/3360</String>
</Properties>